iter	RMSE
0	213.8050907
1	193.5397
2	175.3163596
3	158.931434
4	144.2919109
5	130.7670811
6	118.7487024
7	107.6222216
8	97.58926516
9	88.79791213
