iter	RMSE
0	3001.74654
1	2911.455945
2	2838.081694
3	2755.024291
4	2695.061186
5	2649.912763
6	2560.894943
7	2502.062245
8	2448.493141
9	2374.944814
